Workbook

Sheet cleaned_data
A1: State | B1: Pedestrians_Killed (FARS) | C1: Population_Thousands | D1: Deaths_Rate_per_100k (FARS) | E1: Population_Actual_2023 | F1: GHSA_Deaths_2022 | G1: GHSA_Deaths_2023 | H1: YoY_Change_% | I1: FARS_vs_GHSA_Diff | J1: FARS_vs_GHSA_%Diff | K1: GHSA_Rate_per_100k_2023
A2: Alabama | B2: 124 | C2: 5108 | D2: 2.43 | E2: =C2 * 1000 -> 5108000 | F2: 111 | G2: 118 | H2: 6.3 | I2: =Table1[[#This Row],[GHSA_Deaths_2023]]-Table1[[#This Row],[Pedestrians_Killed (FARS)]] -> -6 | J2: =(Table1[[#This Row],[GHSA_Deaths_2023]]-Table1[[#This Row],[Pedestrians_Killed (FARS)]])/Table1[[#This Row],[Pedestrians_Killed (FARS)]] -> -0.048387097 | K2: =Table1[[#This Row],[GHSA_Deaths_2023]]/Table1[[#This Row],[Population_Actual_2023]]*100000 -> 2.3101018
A3: Alaska | B3: 12 | C3: 733 | D3: 1.64 | E3: =C3 * 1000 -> 733000 | F3: 13 | G3: 10 | H3: -23.1 | I3: =Table1[[#This Row],[GHSA_Deaths_2023]]-Table1[[#This Row],[Pedestrians_Killed (FARS)]] -> -2 | J3: =(Table1[[#This Row],[GHSA_Deaths_2023]]-Table1[[#This Row],[Pedestrians_Killed (FARS)]])/Table1[[#This Row],[Pedestrians_Killed (FARS)]] -> -0.16666667 | K3: =Table1[[#This Row],[GHSA_Deaths_2023]]/Table1[[#This Row],[Population_Actual_2023]]*100000 -> 1.3642565
A4: Arizona | B4: 271 | C4: 7431 | D4: 3.65 | E4: =C4 * 1000 -> 7431000 | F4: 312 | G4: 220 | H4: -29.5 | I4: =Table1[[#This Row],[GHSA_Deaths_2023]]-Table1[[#This Row],[Pedestrians_Killed (FARS)]] -> -51 | J4: =(Table1[[#This Row],[GHSA_Deaths_2023]]-Table1[[#This Row],[Pedestrians_Killed (FARS)]])/Table1[[#This Row],[Pedestrians_Killed (FARS)]] -> -0.18819188 | K4: =Table1[[#This Row],[GHSA_Deaths_2023]]/Table1[[#This Row],[Population_Actual_2023]]*100000 -> 2.9605706
A5: Arkansas | B5: 74 | C5: 3068 | D5: 2.41 | E5: =C5 * 1000 -> 3068000 | F5: 77 | G5: 68 | H5: -11.7 | I5: =Table1[[#This Row],[GHSA_Deaths_2023]]-Table1[[#This Row],[Pedestrians_Killed (FARS)]] -> -6 | J5: =(Table1[[#This Row],[GHSA_Deaths_2023]]-Table1[[#This Row],[Pedestrians_Killed (FARS)]])/Table1[[#This Row],[Pedestrians_Killed (FARS)]] -> -0.081081081 | K5: =Table1[[#This Row],[GHSA_Deaths_2023]]/Table1[[#This Row],[Population_Actual_2023]]*100000 -> 2.2164276
A6: California | B6: 1106 | C6: 38965 | D6: 2.84 | E6: =C6 * 1000 -> 38965000 | F6: 1208 | G6: 1057 | H6: -12.5 | I6: =Table1[[#This Row],[GHSA_Deaths_2023]]-Table1[[#This Row],[Pedestrians_Killed (FARS)]] -> -49 | J6: =(Table1[[#This Row],[GHSA_Deaths_2023]]-Table1[[#This Row],[Pedestrians_Killed (FARS)]])/Table1[[#This Row],[Pedestrians_Killed (FARS)]] -> -0.044303797 | K6: =Table1[[#This Row],[GHSA_Deaths_2023]]/Table1[[#This Row],[Population_Actual_2023]]*100000 -> 2.7126909
A7: Colorado | B7: 125 | C7: 5878 | D7: 2.13 | E7: =C7 * 1000 -> 5878000 | F7: 107 | G7: 136 | H7: 27.1 | I7: =Table1[[#This Row],[GHSA_Deaths_2023]]-Table1[[#This Row],[Pedestrians_Killed (FARS)]] -> 11 | J7: =(Table1[[#This Row],[GHSA_Deaths_2023]]-Table1[[#This Row],[Pedestrians_Killed (FARS)]])/Table1[[#This Row],[Pedestrians_Killed (FARS)]] -> 0.088 | K7: =Table1[[#This Row],[GHSA_Deaths_2023]]/Table1[[#This Row],[Population_Actual_2023]]*100000 -> 2.3137121
A8: Connecticut | B8: 47 | C8: 3617 | D8: 1.3 | E8: =C8 * 1000 -> 3617000 | F8: 73 | G8: 48 | H8: -34.3 | I8: =Table1[[#This Row],[GHSA_Deaths_2023]]-Table1[[#This Row],[Pedestrians_Killed (FARS)]] -> 1 | J8: =(Table1[[#This Row],[GHSA_Deaths_2023]]-Table1[[#This Row],[Pedestrians_Killed (FARS)]])/Table1[[#This Row],[Pedestrians_Killed (FARS)]] -> 0.021276596 | K8: =Table1[[#This Row],[GHSA_Deaths_2023]]/Table1[[#This Row],[Population_Actual_2023]]*100000 -> 1.3270666
A9: Delaware | B9: 27 | C9: 1032 | D9: 2.62 | E9: =C9 * 1000 -> 1032000 | F9: 33 | G9: 28 | H9: -15.2 | I9: =Table1[[#This Row],[GHSA_Deaths_2023]]-Table1[[#This Row],[Pedestrians_Killed (FARS)]] -> 1 | J9: =(Table1[[#This Row],[GHSA_Deaths_2023]]-Table1[[#This Row],[Pedestrians_Killed (FARS)]])/Table1[[#This Row],[Pedestrians_Killed (FARS)]] -> 0.037037037 | K9: =Table1[[#This Row],[GHSA_Deaths_2023]]/Table1[[#This Row],[Population_Actual_2023]]*100000 -> 2.7131783
A10: District of Columbia | B10: 14 | C10: 679 | D10: 2.06 | E10: =C10 * 1000 -> 679000 | F10: 19 | G10: 20 | H10: 5.3 | I10: =Table1[[#This Row],[GHSA_Deaths_2023]]-Table1[[#This Row],[Pedestrians_Killed (FARS)]] -> 6 | J10: =(Table1[[#This Row],[GHSA_Deaths_2023]]-Table1[[#This Row],[Pedestrians_Killed (FARS)]])/Table1[[#This Row],[Pedestrians_Killed (FARS)]] -> 0.42857143 | K10: =Table1[[#This Row],[GHSA_Deaths_2023]]/Table1[[#This Row],[Population_Actual_2023]]*100000 -> 2.9455081
A11: Florida | B11: 771 | C11: 22611 | D11: 3.41 | E11: =C11 * 1000 -> 22611000 | F11: 780 | G11: 801 | H11: 2.7 | I11: =Table1[[#This Row],[GHSA_Deaths_2023]]-Table1[[#This Row],[Pedestrians_Killed (FARS)]] -> 30 | J11: =(Table1[[#This Row],[GHSA_Deaths_2023]]-Table1[[#This Row],[Pedestrians_Killed (FARS)]])/Table1[[#This Row],[Pedestrians_Killed (FARS)]] -> 0.038910506 | K11: =Table1[[#This Row],[GHSA_Deaths_2023]]/Table1[[#This Row],[Population_Actual_2023]]*100000 -> 3.5425236
A12: Georgia | B12: 310 | C12: 11029 | D12: 2.81 | E12: =C12 * 1000 -> 11029000 | F12: 335 | G12: 321 | H12: -4.2 | I12: =Table1[[#This Row],[GHSA_Deaths_2023]]-Table1[[#This Row],[Pedestrians_Killed (FARS)]] -> 11 | J12: =(Table1[[#This Row],[GHSA_Deaths_2023]]-Table1[[#This Row],[Pedestrians_Killed (FARS)]])/Table1[[#This Row],[Pedestrians_Killed (FARS)]] -> 0.035483871 | K12: =Table1[[#This Row],[GHSA_Deaths_2023]]/Table1[[#This Row],[Population_Actual_2023]]*100000 -> 2.9105087
A13: Hawaii | B13: 22 | C13: 1435 | D13: 1.53 | E13: =C13 * 1000 -> 1435000 | F13: 28 | G13: 22 | H13: -21.4 | I13: =Table1[[#This Row],[GHSA_Deaths_2023]]-Table1[[#This Row],[Pedestrians_Killed (FARS)]] -> 0 | J13: =(Table1[[#This Row],[GHSA_Deaths_2023]]-Table1[[#This Row],[Pedestrians_Killed (FARS)]])/Table1[[#This Row],[Pedestrians_Killed (FARS)]] -> 0 | K13: =Table1[[#This Row],[GHSA_Deaths_2023]]/Table1[[#This Row],[Population_Actual_2023]]*100000 -> 1.533101
... A52: Wyoming | B52: 11 | C52: 584 | D52: 1.88 | E52: =C52 * 1000 -> 584000 | F52: 8 | G52: 11 | H52: 37.5 | I52: =Table1[[#This Row],[GHSA_Deaths_2023]]-Table1[[#This Row],[Pedestrians_Killed (FARS)]] -> 0 | J52: =(Table1[[#This Row],[GHSA_Deaths_2023]]-Table1[[#This Row],[Pedestrians_Killed (FARS)]])/Table1[[#This Row],[Pedestrians_Killed (FARS)]] -> 0 | K52: =Table1[[#This Row],[GHSA_Deaths_2023]]/Table1[[#This Row],[Population_Actual_2023]]*100000 -> 1.8835616

Sheet Master_Data
A1: State | B1: FARS_Deaths_2023 | C1: FARS_Rate_per_100k_2023 | D1: Pop_2023 | E1: GHSA_Deaths_2022 | F1: GHSA_Deaths_2023 | G1: GHSA_YoY_Change_% | H1: FARS_vs_GHSA_Diff | I1: FARS_vs_GHSA_%Diff | J1: GHSA_Rate_per_100k_2023 | K1: Drive_% | L1: Transit_% | M1: Walk_% | N1: Bike_% | O1: Carpool_% | P1: Other_% | Q1: WorkHome_% | R1: Region | S1: Car_Dependence_Ratio
A2: Alabama | B2: 124 | C2: 2.43 | D2: 5108000 | E2: 111 | F2: 118 | G2: =(Table13[[#This Row],[GHSA_Deaths_2023]]-Table13[[#This Row],[GHSA_Deaths_2022]])/Table13[[#This Row],[GHSA_Deaths_2022]] -> 0.063063063 | H2: =Table13[[#This Row],[GHSA_Deaths_2023]]-Table13[[#This Row],[FARS_Deaths_2023]] -> -6 | I2: =(Table13[[#This Row],[GHSA_Deaths_2023]]-Table13[[#This Row],[FARS_Deaths_2023]])/Table13[[#This Row],[FARS_Deaths_2023]] -> -0.048387097 | J2: =Table13[[#This Row],[GHSA_Deaths_2023]]/Table13[[#This Row],[Pop_2023]]*100000 -> 2.3101018 | K2: =_xlfn.XLOOKUP($A2 & "|Drove alone", Sheet3!$D:$D, Sheet3!$C:$C, "") -> 0.8002 | L2: =_xlfn.XLOOKUP($A2 & "|Public transportation", Sheet3!$D:$D, Sheet3!$C:$C, "") -> 0.0029 | M2: =_xlfn.XLOOKUP($A2 & "|Walked", Sheet3!$D:$D, Sheet3!$C:$C, "") -> 0.0131 | N2: =_xlfn.XLOOKUP($A2 & "|Bicycle", Sheet3!$D:$D, Sheet3!$C:$C, "") -> 0.0011 | O2: =_xlfn.XLOOKUP($A2 & "|Carpool", Sheet3!$D:$D, Sheet3!$C:$C, "") -> 0.0832 | P2: =_xlfn.XLOOKUP($A2 & "|Taxi, motorcycle, or other", Sheet3!$D:$D, Sheet3!$C:$C, "") -> 0.0118 | Q2: =_xlfn.XLOOKUP($A2 & "|Worked at home", Sheet3!$D:$D, Sheet3!$C:$C, "") -> 0.0877 | R2: South | S2: =Table13[[#This Row],[Drive_%]]/Table13[[#This Row],[Walk_%]] -> 61.083969
A3: Alaska | B3: 12 | C3: 1.64 | D3: 733000 | E3: 13 | F3: 10 | G3: =(Table13[[#This Row],[GHSA_Deaths_2023]]-Table13[[#This Row],[GHSA_Deaths_2022]])/Table13[[#This Row],[GHSA_Deaths_2022]] -> -0.23076923 | H3: =Table13[[#This Row],[GHSA_Deaths_2023]]-Table13[[#This Row],[FARS_Deaths_2023]] -> -2 | I3: =(Table13[[#This Row],[GHSA_Deaths_2023]]-Table13[[#This Row],[FARS_Deaths_2023]])/Table13[[#This Row],[FARS_Deaths_2023]] -> -0.16666667 | J3: =Table13[[#This Row],[GHSA_Deaths_2023]]/Table13[[#This Row],[Pop_2023]]*100000 -> 1.3642565 | K3: =_xlfn.XLOOKUP($A3 & "|Drove alone", Sheet3!$D:$D, Sheet3!$C:$C, "") -> 0.6546 | L3: =_xlfn.XLOOKUP($A3 & "|Public transportation", Sheet3!$D:$D, Sheet3!$C:$C, "") -> 0.0084 | M3: =_xlfn.XLOOKUP($A3 & "|Walked", Sheet3!$D:$D, Sheet3!$C:$C, "") -> 0.0723 | N3: =_xlfn.XLOOKUP($A3 & "|Bicycle", Sheet3!$D:$D, Sheet3!$C:$C, "") -> 0.0051 | O3: =_xlfn.XLOOKUP($A3 & "|Carpool", Sheet3!$D:$D, Sheet3!$C:$C, "") -> 0.1156 | P3: =_xlfn.XLOOKUP($A3 & "|Taxi, motorcycle, or other", Sheet3!$D:$D, Sheet3!$C:$C, "") -> 0.054 | Q3: =_xlfn.XLOOKUP($A3 & "|Worked at home", Sheet3!$D:$D, Sheet3!$C:$C, "") -> 0.09 | R3: West | S3: =Table13[[#This Row],[Drive_%]]/Table13[[#This Row],[Walk_%]] -> 9.0539419
A4: Arizona | B4: 271 | C4: 3.65 | D4: 7431000 | E4: 312 | F4: 220 | G4: =(Table13[[#This Row],[GHSA_Deaths_2023]]-Table13[[#This Row],[GHSA_Deaths_2022]])/Table13[[#This Row],[GHSA_Deaths_2022]] -> -0.29487179 | H4: =Table13[[#This Row],[GHSA_Deaths_2023]]-Table13[[#This Row],[FARS_Deaths_2023]] -> -51 | I4: =(Table13[[#This Row],[GHSA_Deaths_2023]]-Table13[[#This Row],[FARS_Deaths_2023]])/Table13[[#This Row],[FARS_Deaths_2023]] -> -0.18819188 | J4: =Table13[[#This Row],[GHSA_Deaths_2023]]/Table13[[#This Row],[Pop_2023]]*100000 -> 2.9605706 | K4: =_xlfn.XLOOKUP($A4 & "|Drove alone", Sheet3!$D:$D, Sheet3!$C:$C, "") -> 0.6705 | L4: =_xlfn.XLOOKUP($A4 & "|Public transportation", Sheet3!$D:$D, Sheet3!$C:$C, "") -> 0.0121 | M4: =_xlfn.XLOOKUP($A4 & "|Walked", Sheet3!$D:$D, Sheet3!$C:$C, "") -> 0.0166 | N4: =_xlfn.XLOOKUP($A4 & "|Bicycle", Sheet3!$D:$D, Sheet3!$C:$C, "") -> 0.0055 | O4: =_xlfn.XLOOKUP($A4 & "|Carpool", Sheet3!$D:$D, Sheet3!$C:$C, "") -> 0.1029 | P4: =_xlfn.XLOOKUP($A4 & "|Taxi, motorcycle, or other", Sheet3!$D:$D, Sheet3!$C:$C, "") -> 0.0175 | Q4: =_xlfn.XLOOKUP($A4 & "|Worked at home", Sheet3!$D:$D, Sheet3!$C:$C, "") -> 0.1748 | R4: West | S4: =Table13[[#This Row],[Drive_%]]/Table13[[#This Row],[Walk_%]] -> 40.391566
A5: Arkansas | B5: 74 | C5: 2.41 | D5: 3068000 | E5: 77 | F5: 68 | G5: =(Table13[[#This Row],[GHSA_Deaths_2023]]-Table13[[#This Row],[GHSA_Deaths_2022]])/Table13[[#This Row],[GHSA_Deaths_2022]] -> -0.11688312 | H5: =Table13[[#This Row],[GHSA_Deaths_2023]]-Table13[[#This Row],[FARS_Deaths_2023]] -> -6 | I5: =(Table13[[#This Row],[GHSA_Deaths_2023]]-Table13[[#This Row],[FARS_Deaths_2023]])/Table13[[#This Row],[FARS_Deaths_2023]] -> -0.081081081 | J5: =Table13[[#This Row],[GHSA_Deaths_2023]]/Table13[[#This Row],[Pop_2023]]*100000 -> 2.2164276 | K5: =_xlfn.XLOOKUP($A5 & "|Drove alone", Sheet3!$D:$D, Sheet3!$C:$C, "") -> 0.7829 | L5: =_xlfn.XLOOKUP($A5 & "|Public transportation", Sheet3!$D:$D, Sheet3!$C:$C, "") -> 0.0033 | M5: =_xlfn.XLOOKUP($A5 & "|Walked", Sheet3!$D:$D, Sheet3!$C:$C, "") -> 0.0156 | N5: =_xlfn.XLOOKUP($A5 & "|Bicycle", Sheet3!$D:$D, Sheet3!$C:$C, "") -> 0.0016 | O5: =_xlfn.XLOOKUP($A5 & "|Carpool", Sheet3!$D:$D, Sheet3!$C:$C, "") -> 0.0992 | P5: =_xlfn.XLOOKUP($A5 & "|Taxi, motorcycle, or other", Sheet3!$D:$D, Sheet3!$C:$C, "") -> 0.0105 | Q5: =_xlfn.XLOOKUP($A5 & "|Worked at home", Sheet3!$D:$D, Sheet3!$C:$C, "") -> 0.0869 | R5: South | S5: =Table13[[#This Row],[Drive_%]]/Table13[[#This Row],[Walk_%]] -> 50.185897
A6: California | B6: 1106 | C6: 2.84 | D6: 38965000 | E6: 1208 | F6: 1057 | G6: =(Table13[[#This Row],[GHSA_Deaths_2023]]-Table13[[#This Row],[GHSA_Deaths_2022]])/Table13[[#This Row],[GHSA_Deaths_2022]] -> -0.125 | H6: =Table13[[#This Row],[GHSA_Deaths_2023]]-Table13[[#This Row],[FARS_Deaths_2023]] -> -49 | I6: =(Table13[[#This Row],[GHSA_Deaths_2023]]-Table13[[#This Row],[FARS_Deaths_2023]])/Table13[[#This Row],[FARS_Deaths_2023]] -> -0.044303797 | J6: =Table13[[#This Row],[GHSA_Deaths_2023]]/Table13[[#This Row],[Pop_2023]]*100000 -> 2.7126909 | K6: =_xlfn.XLOOKUP($A6 & "|Drove alone", Sheet3!$D:$D, Sheet3!$C:$C, "") -> 0.6707 | L6: =_xlfn.XLOOKUP($A6 & "|Public transportation", Sheet3!$D:$D, Sheet3!$C:$C, "") -> 0.0308 | M6: =_xlfn.XLOOKUP($A6 & "|Walked", Sheet3!$D:$D, Sheet3!$C:$C, "") -> 0.0254 | N6: =_xlfn.XLOOKUP($A6 & "|Bicycle", Sheet3!$D:$D, Sheet3!$C:$C, "") -> 0.0076 | O6: =_xlfn.XLOOKUP($A6 & "|Carpool", Sheet3!$D:$D, Sheet3!$C:$C, "") -> 0.1018 | P6: =_xlfn.XLOOKUP($A6 & "|Taxi, motorcycle, or other", Sheet3!$D:$D, Sheet3!$C:$C, "") -> 0.0173 | Q6: =_xlfn.XLOOKUP($A6 & "|Worked at home", Sheet3!$D:$D, Sheet3!$C:$C, "") -> 0.1465 | R6: West | S6: =Table13[[#This Row],[Drive_%]]/Table13[[#This Row],[Walk_%]] -> 26.405512
A7: Colorado | B7: 125 | C7: 2.13 | D7: 5878000 | E7: 107 | F7: 136 | G7: =(Table13[[#This Row],[GHSA_Deaths_2023]]-Table13[[#This Row],[GHSA_Deaths_2022]])/Table13[[#This Row],[GHSA_Deaths_2022]] -> 0.27102804 | H7: =Table13[[#This Row],[GHSA_Deaths_2023]]-Table13[[#This Row],[FARS_Deaths_2023]] -> 11 | I7: =(Table13[[#This Row],[GHSA_Deaths_2023]]-Table13[[#This Row],[FARS_Deaths_2023]])/Table13[[#This Row],[FARS_Deaths_2023]] -> 0.088 | J7: =Table13[[#This Row],[GHSA_Deaths_2023]]/Table13[[#This Row],[Pop_2023]]*100000 -> 2.3137121 | K7: =_xlfn.XLOOKUP($A7 & "|Drove alone", Sheet3!$D:$D, Sheet3!$C:$C, "") -> 0.6601 | L7: =_xlfn.XLOOKUP($A7 & "|Public transportation", Sheet3!$D:$D, Sheet3!$C:$C, "") -> 0.0165 | M7: =_xlfn.XLOOKUP($A7 & "|Walked", Sheet3!$D:$D, Sheet3!$C:$C, "") -> 0.0244 | N7: =_xlfn.XLOOKUP($A7 & "|Bicycle", Sheet3!$D:$D, Sheet3!$C:$C, "") -> 0.0084 | O7: =_xlfn.XLOOKUP($A7 & "|Carpool", Sheet3!$D:$D, Sheet3!$C:$C, "") -> 0.0789 | P7: =_xlfn.XLOOKUP($A7 & "|Taxi, motorcycle, or other", Sheet3!$D:$D, Sheet3!$C:$C, "") -> 0.0132 | Q7: =_xlfn.XLOOKUP($A7 & "|Worked at home", Sheet3!$D:$D, Sheet3!$C:$C, "") -> 0.1987 | R7: West | S7: =Table13[[#This Row],[Drive_%]]/Table13[[#This Row],[Walk_%]] -> 27.053279
A8: Connecticut | B8: 47 | C8: 1.3 | D8: 3617000 | E8: 73 | F8: 48 | G8: =(Table13[[#This Row],[GHSA_Deaths_2023]]-Table13[[#This Row],[GHSA_Deaths_2022]])/Table13[[#This Row],[GHSA_Deaths_2022]] -> -0.34246575 | H8: =Table13[[#This Row],[GHSA_Deaths_2023]]-Table13[[#This Row],[FARS_Deaths_2023]] -> 1 | I8: =(Table13[[#This Row],[GHSA_Deaths_2023]]-Table13[[#This Row],[FARS_Deaths_2023]])/Table13[[#This Row],[FARS_Deaths_2023]] -> 0.021276596 | J8: =Table13[[#This Row],[GHSA_Deaths_2023]]/Table13[[#This Row],[Pop_2023]]*100000 -> 1.3270666 | K8: =_xlfn.XLOOKUP($A8 & "|Drove alone", Sheet3!$D:$D, Sheet3!$C:$C, "") -> 0.6986 | L8: =_xlfn.XLOOKUP($A8 & "|Public transportation", Sheet3!$D:$D, Sheet3!$C:$C, "") -> 0.0374 | M8: =_xlfn.XLOOKUP($A8 & "|Walked", Sheet3!$D:$D, Sheet3!$C:$C, "") -> 0.0223 | N8: =_xlfn.XLOOKUP($A8 & "|Bicycle", Sheet3!$D:$D, Sheet3!$C:$C, "") -> 0.0019 | O8: =_xlfn.XLOOKUP($A8 & "|Carpool", Sheet3!$D:$D, Sheet3!$C:$C, "") -> 0.0832 | P8: =_xlfn.XLOOKUP($A8 & "|Taxi, motorcycle, or other", Sheet3!$D:$D, Sheet3!$C:$C, "") -> 0.0139 | Q8: =_xlfn.XLOOKUP($A8 & "|Worked at home", Sheet3!$D:$D, Sheet3!$C:$C, "") -> 0.1427 | R8: Northeast | S8: =Table13[[#This Row],[Drive_%]]/Table13[[#This Row],[Walk_%]] -> 31.327354
A9: Delaware | B9: 27 | C9: 2.62 | D9: 1032000 | E9: 33 | F9: 28 | G9: =(Table13[[#This Row],[GHSA_Deaths_2023]]-Table13[[#This Row],[GHSA_Deaths_2022]])/Table13[[#This Row],[GHSA_Deaths_2022]] -> -0.15151515 | H9: =Table13[[#This Row],[GHSA_Deaths_2023]]-Table13[[#This Row],[FARS_Deaths_2023]] -> 1 | I9: =(Table13[[#This Row],[GHSA_Deaths_2023]]-Table13[[#This Row],[FARS_Deaths_2023]])/Table13[[#This Row],[FARS_Deaths_2023]] -> 0.037037037 | J9: =Table13[[#This Row],[GHSA_Deaths_2023]]/Table13[[#This Row],[Pop_2023]]*100000 -> 2.7131783 | K9: =_xlfn.XLOOKUP($A9 & "|Drove alone", Sheet3!$D:$D, Sheet3!$C:$C, "") -> 0.7212 | L9: =_xlfn.XLOOKUP($A9 & "|Public transportation", Sheet3!$D:$D, Sheet3!$C:$C, "") -> 0.0233 | M9: =_xlfn.XLOOKUP($A9 & "|Walked", Sheet3!$D:$D, Sheet3!$C:$C, "") -> 0.0207 | N9: =_xlfn.XLOOKUP($A9 & "|Bicycle", Sheet3!$D:$D, Sheet3!$C:$C, "") -> 0.0025 | O9: =_xlfn.XLOOKUP($A9 & "|Carpool", Sheet3!$D:$D, Sheet3!$C:$C, "") -> 0.0823 | P9: =_xlfn.XLOOKUP($A9 & "|Taxi, motorcycle, or other", Sheet3!$D:$D, Sheet3!$C:$C, "") -> 0.0136 | Q9: =_xlfn.XLOOKUP($A9 & "|Worked at home", Sheet3!$D:$D, Sheet3!$C:$C, "") -> 0.1364 | R9: Northeast | S9: =Table13[[#This Row],[Drive_%]]/Table13[[#This Row],[Walk_%]] -> 34.84058
A10: District of Columbia | B10: 14 | C10: 2.06 | D10: 679000 | E10: 19 | F10: 20 | G10: =(Table13[[#This Row],[GHSA_Deaths_2023]]-Table13[[#This Row],[GHSA_Deaths_2022]])/Table13[[#This Row],[GHSA_Deaths_2022]] -> 0.052631579 | H10: =Table13[[#This Row],[GHSA_Deaths_2023]]-Table13[[#This Row],[FARS_Deaths_2023]] -> 6 | I10: =(Table13[[#This Row],[GHSA_Deaths_2023]]-Table13[[#This Row],[FARS_Deaths_2023]])/Table13[[#This Row],[FARS_Deaths_2023]] -> 0.42857143 | J10: =Table13[[#This Row],[GHSA_Deaths_2023]]/Table13[[#This Row],[Pop_2023]]*100000 -> 2.9455081 | K10: =_xlfn.XLOOKUP($A10 & "|Drove alone", Sheet3!$D:$D, Sheet3!$C:$C, "") -> 0.2858 | L10: =_xlfn.XLOOKUP($A10 & "|Public transportation", Sheet3!$D:$D, Sheet3!$C:$C, "") -> 0.229 | M10: =_xlfn.XLOOKUP($A10 & "|Walked", Sheet3!$D:$D, Sheet3!$C:$C, "") -> 0.1128 | N10: =_xlfn.XLOOKUP($A10 & "|Bicycle", Sheet3!$D:$D, Sheet3!$C:$C, "") -> 0.0346 | O10: =_xlfn.XLOOKUP($A10 & "|Carpool", Sheet3!$D:$D, Sheet3!$C:$C, "") -> 0.0415 | P10: =_xlfn.XLOOKUP($A10 & "|Taxi, motorcycle, or other", Sheet3!$D:$D, Sheet3!$C:$C, "") -> 0.0234 | Q10: =_xlfn.XLOOKUP($A10 & "|Worked at home", Sheet3!$D:$D, Sheet3!$C:$C, "") -> 0.2728 | R10: Northeast | S10: =Table13[[#This Row],[Drive_%]]/Table13[[#This Row],[Walk_%]] -> 2.5336879
A11: Florida | B11: 771 | C11: 3.41 | D11: 22611000 | E11: 780 | F11: 801 | G11: =(Table13[[#This Row],[GHSA_Deaths_2023]]-Table13[[#This Row],[GHSA_Deaths_2022]])/Table13[[#This Row],[GHSA_Deaths_2022]] -> 0.026923077 | H11: =Table13[[#This Row],[GHSA_Deaths_2023]]-Table13[[#This Row],[FARS_Deaths_2023]] -> 30 | I11: =(Table13[[#This Row],[GHSA_Deaths_2023]]-Table13[[#This Row],[FARS_Deaths_2023]])/Table13[[#This Row],[FARS_Deaths_2023]] -> 0.038910506 | J11: =Table13[[#This Row],[GHSA_Deaths_2023]]/Table13[[#This Row],[Pop_2023]]*100000 -> 3.5425236 | K11: =_xlfn.XLOOKUP($A11 & "|Drove alone", Sheet3!$D:$D, Sheet3!$C:$C, "") -> 0.6915 | L11: =_xlfn.XLOOKUP($A11 & "|Public transportation", Sheet3!$D:$D, Sheet3!$C:$C, "") -> 0.0136 | M11: =_xlfn.XLOOKUP($A11 & "|Walked", Sheet3!$D:$D, Sheet3!$C:$C, "") -> 0.0151 | N11: =_xlfn.XLOOKUP($A11 & "|Bicycle", Sheet3!$D:$D, Sheet3!$C:$C, "") -> 0.0049 | O11: =_xlfn.XLOOKUP($A11 & "|Carpool", Sheet3!$D:$D, Sheet3!$C:$C, "") -> 0.0971 | P11: =_xlfn.XLOOKUP($A11 & "|Taxi, motorcycle, or other", Sheet3!$D:$D, Sheet3!$C:$C, "") -> 0.02 | Q11: =_xlfn.XLOOKUP($A11 & "|Worked at home", Sheet3!$D:$D, Sheet3!$C:$C, "") -> 0.1577 | R11: South | S11: =Table13[[#This Row],[Drive_%]]/Table13[[#This Row],[Walk_%]] -> 45.794702
A12: Georgia | B12: 310 | C12: 2.81 | D12: 11029000 | E12: 335 | F12: 321 | G12: =(Table13[[#This Row],[GHSA_Deaths_2023]]-Table13[[#This Row],[GHSA_Deaths_2022]])/Table13[[#This Row],[GHSA_Deaths_2022]] -> -0.041791045 | H12: =Table13[[#This Row],[GHSA_Deaths_2023]]-Table13[[#This Row],[FARS_Deaths_2023]] -> 11 | I12: =(Table13[[#This Row],[GHSA_Deaths_2023]]-Table13[[#This Row],[FARS_Deaths_2023]])/Table13[[#This Row],[FARS_Deaths_2023]] -> 0.035483871 | J12: =Table13[[#This Row],[GHSA_Deaths_2023]]/Table13[[#This Row],[Pop_2023]]*100000 -> 2.9105087 | K12: =_xlfn.XLOOKUP($A12 & "|Drove alone", Sheet3!$D:$D, Sheet3!$C:$C, "") -> 0.708 | L12: =_xlfn.XLOOKUP($A12 & "|Public transportation", Sheet3!$D:$D, Sheet3!$C:$C, "") -> 0.0114 | M12: =_xlfn.XLOOKUP($A12 & "|Walked", Sheet3!$D:$D, Sheet3!$C:$C, "") -> 0.0139 | N12: =_xlfn.XLOOKUP($A12 & "|Bicycle", Sheet3!$D:$D, Sheet3!$C:$C, "") -> 0.002 | O12: =_xlfn.XLOOKUP($A12 & "|Carpool", Sheet3!$D:$D, Sheet3!$C:$C, "") -> 0.0946 | P12: =_xlfn.XLOOKUP($A12 & "|Taxi, motorcycle, or other", Sheet3!$D:$D, Sheet3!$C:$C, "") -> 0.0181 | Q12: =_xlfn.XLOOKUP($A12 & "|Worked at home", Sheet3!$D:$D, Sheet3!$C:$C, "") -> 0.1521 | R12: South | S12: =Table13[[#This Row],[Drive_%]]/Table13[[#This Row],[Walk_%]] -> 50.935252
A13: Hawaii | B13: 22 | C13: 1.53 | D13: 1435000 | E13: 28 | F13: 22 | G13: =(Table13[[#This Row],[GHSA_Deaths_2023]]-Table13[[#This Row],[GHSA_Deaths_2022]])/Table13[[#This Row],[GHSA_Deaths_2022]] -> -0.21428571 | H13: =Table13[[#This Row],[GHSA_Deaths_2023]]-Table13[[#This Row],[FARS_Deaths_2023]] -> 0 | I13: =(Table13[[#This Row],[GHSA_Deaths_2023]]-Table13[[#This Row],[FARS_Deaths_2023]])/Table13[[#This Row],[FARS_Deaths_2023]] -> 0 | J13: =Table13[[#This Row],[GHSA_Deaths_2023]]/Table13[[#This Row],[Pop_2023]]*100000 -> 1.533101 | K13: =_xlfn.XLOOKUP($A13 & "|Drove alone", Sheet3!$D:$D, Sheet3!$C:$C, "") -> 0.6418 | L13: =_xlfn.XLOOKUP($A13 & "|Public transportation", Sheet3!$D:$D, Sheet3!$C:$C, "") -> 0.0413 | M13: =_xlfn.XLOOKUP($A13 & "|Walked", Sheet3!$D:$D, Sheet3!$C:$C, "") -> 0.0388 | N13: =_xlfn.XLOOKUP($A13 & "|Bicycle", Sheet3!$D:$D, Sheet3!$C:$C, "") -> 0.0085 | O13: =_xlfn.XLOOKUP($A13 & "|Carpool", Sheet3!$D:$D, Sheet3!$C:$C, "") -> 0.1584 | P13: =_xlfn.XLOOKUP($A13 & "|Taxi, motorcycle, or other", Sheet3!$D:$D, Sheet3!$C:$C, "") -> 0.0245 | Q13: =_xlfn.XLOOKUP($A13 & "|Worked at home", Sheet3!$D:$D, Sheet3!$C:$C, "") -> 0.0867 | R13: West | S13: =Table13[[#This Row],[Drive_%]]/Table13[[#This Row],[Walk_%]] -> 16.541237
... A52: Wyoming | B52: 11 | C52: 1.88 | D52: 584000 | E52: 8 | F52: 11 | G52: =(Table13[[#This Row],[GHSA_Deaths_2023]]-Table13[[#This Row],[GHSA_Deaths_2022]])/Table13[[#This Row],[GHSA_Deaths_2022]] -> 0.375 | H52: =Table13[[#This Row],[GHSA_Deaths_2023]]-Table13[[#This Row],[FARS_Deaths_2023]] -> 0 | I52: =(Table13[[#This Row],[GHSA_Deaths_2023]]-Table13[[#This Row],[FARS_Deaths_2023]])/Table13[[#This Row],[FARS_Deaths_2023]] -> 0 | J52: =Table13[[#This Row],[GHSA_Deaths_2023]]/Table13[[#This Row],[Pop_2023]]*100000 -> 1.8835616 | K52: =_xlfn.XLOOKUP($A52 & "|Drove alone", Sheet3!$D:$D, Sheet3!$C:$C, "") -> 0.7275 | L52: =_xlfn.XLOOKUP($A52 & "|Public transportation", Sheet3!$D:$D, Sheet3!$C:$C, "") -> 0.0117 | M52: =_xlfn.XLOOKUP($A52 & "|Walked", Sheet3!$D:$D, Sheet3!$C:$C, "") -> 0.0338 | N52: =_xlfn.XLOOKUP($A52 & "|Bicycle", Sheet3!$D:$D, Sheet3!$C:$C, "") -> 0.0094 | O52: =_xlfn.XLOOKUP($A52 & "|Carpool", Sheet3!$D:$D, Sheet3!$C:$C, "") -> 0.1048 | P52: =_xlfn.XLOOKUP($A52 & "|Taxi, motorcycle, or other", Sheet3!$D:$D, Sheet3!$C:$C, "") -> 0.0105 | Q52: =_xlfn.XLOOKUP($A52 & "|Worked at home", Sheet3!$D:$D, Sheet3!$C:$C, "") -> 0.1024 | R52: West | S52: =Table13[[#This Row],[Drive_%]]/Table13[[#This Row],[Walk_%]] -> 21.523669

Sheet Sheet3
A1: State | B1: Mode | C1: Commute mode share % | D1: Key | I1: Alabama | J1: South
A2: Alabama | B2: Bicycle | C2: 0.0011 | D2: =A2 & "|" & B2 -> Alabama|Bicycle | I2: Alaska | J2: West
A3: Alabama | B3: Carpool | C3: 0.0832 | D3: =A3 & "|" & B3 -> Alabama|Carpool | I3: Arizona | J3: West
A4: Alabama | B4: Drove alone | C4: 0.8002 | D4: =A4 & "|" & B4 -> Alabama|Drove alone | I4: Arkansas | J4: South
A5: Alabama | B5: Public transportation | C5: 0.0029 | D5: =A5 & "|" & B5 -> Alabama|Public transportation | I5: California | J5: West
A6: Alabama | B6: Taxi, motorcycle, or other | C6: 0.0118 | D6: =A6 & "|" & B6 -> Alabama|Taxi, motorcycle, or other | I6: Colorado | J6: West
A7: Alabama | B7: Walked | C7: 0.0131 | D7: =A7 & "|" & B7 -> Alabama|Walked | I7: Connecticut | J7: Northeast
A8: Alabama | B8: Worked at home | C8: 0.0877 | D8: =A8 & "|" & B8 -> Alabama|Worked at home | I8: Delaware | J8: Northeast
A9: Alaska | B9: Bicycle | C9: 0.0051 | D9: =A9 & "|" & B9 -> Alaska|Bicycle | I9: District of Columbia | J9: Northeast
A10: Alaska | B10: Carpool | C10: 0.1156 | D10: =A10 & "|" & B10 -> Alaska|Carpool | I10: Florida | J10: South
A11: Alaska | B11: Drove alone | C11: 0.6546 | D11: =A11 & "|" & B11 -> Alaska|Drove alone | I11: Georgia | J11: South
A12: Alaska | B12: Public transportation | C12: 0.0084 | D12: =A12 & "|" & B12 -> Alaska|Public transportation | I12: Hawaii | J12: West
A13: Alaska | B13: Taxi, motorcycle, or other | C13: 0.054 | D13: =A13 & "|" & B13 -> Alaska|Taxi, motorcycle, or other | I13: Idaho | J13: West
... A51: Delaware | B51: Bicycle | C51: 0.0025 | D51: =A51 & "|" & B51 -> Delaware|Bicycle | I51: Wyoming | J51: West
A52: Delaware | B52: Carpool | C52: 0.0823 | D52: =A52 & "|" & B52 -> Delaware|Carpool
A53: Delaware | B53: Drove alone | C53: 0.7212 | D53: =A53 & "|" & B53 -> Delaware|Drove alone
A54: Delaware | B54: Public transportation | C54: 0.0233 | D54: =A54 & "|" & B54 -> Delaware|Public transportation
A55: Delaware | B55: Taxi, motorcycle, or other | C55: 0.0136 | D55: =A55 & "|" & B55 -> Delaware|Taxi, motorcycle, or other
A56: Delaware | B56: Walked | C56: 0.0207 | D56: =A56 & "|" & B56 -> Delaware|Walked
A57: Delaware | B57: Worked at home | C57: 0.1364 | D57: =A57 & "|" & B57 -> Delaware|Worked at home
A58: District of Columbia | B58: Bicycle | C58: 0.0346 | D58: =A58 & "|" & B58 -> District of Columbia|Bicycle
A59: District of Columbia | B59: Carpool | C59: 0.0415 | D59: =A59 & "|" & B59 -> District of Columbia|Carpool
A60: District of Columbia | B60: Drove alone | C60: 0.2858 | D60: =A60 & "|" & B60 -> District of Columbia|Drove alone
A61: District of Columbia | B61: Public transportation | C61: 0.229 | D61: =A61 & "|" & B61 -> District of Columbia|Public transportation
A62: District of Columbia | B62: Taxi, motorcycle, or other | C62: 0.0234 | D62: =A62 & "|" & B62 -> District of Columbia|Taxi, motorcycle, or other
A63: District of Columbia | B63: Walked | C63: 0.1128 | D63: =A63 & "|" & B63 -> District of Columbia|Walked
... A358: Wyoming | B358: Worked at home | C358: 0.1024 | D358: =A358 & "|" & B358 -> Wyoming|Worked at home
